,ALV.DE,DBK.DE,VOW3.DE,BMW.DE,ADS.DE,BEI.DE,DTE.SG,SAP.DE,1COV.DE,BAS.DE,EOAN.DE,RWE.DE
2022-01-03 00:00:00,209.8500061035156,11.347999572753906,180.8000030517578,91.33000183105467,259.1000061035156,92.5199966430664,16.540000915527344,124.23999786376952,55.02000045776367,62.58000183105469,12.300000190734863,35.970001220703125
2022-01-04 00:00:00,215.8500061035156,11.69200038909912,186.97999572753903,94.19000244140624,258.5,91.12000274658205,16.57200050354004,124.37999725341795,55.959999084472656,65.30999755859375,12.206000328063965,35.7599983215332
2022-01-05 00:00:00,216.75,11.850000381469728,191.0,96.23999786376952,260.8500061035156,90.9800033569336,16.29199981689453,124.81999969482422,57.15999984741211,65.83000183105469,12.020000457763672,34.560001373291016
2022-01-06 00:00:00,220.0,12.149999618530272,189.1000061035156,96.22000122070312,252.75,89.68000030517578,16.43600082397461,121.94000244140624,56.86000061035156,65.80999755859375,11.895999908447266,34.400001525878906
2022-01-07 00:00:00,222.5500030517578,12.366000175476074,187.7400054931641,95.5999984741211,247.4499969482422,89.45999908447266,16.23200035095215,121.27999877929688,57.47999954223633,66.11000061035156,11.793999671936035,34.47999954223633
2022-01-10 00:00:00,223.3999938964844,12.37399959564209,187.75999450683597,97.1999969482422,244.25,88.81999969482422,15.670000076293944,120.73999786376952,56.2599983215332,66.08999633789062,11.821999549865724,34.630001068115234
2022-01-11 00:00:00,225.8000030517578,12.314000129699709,188.3800048828125,98.0199966430664,254.75,89.5999984741211,15.670000076293944,121.6999969482422,56.15999984741211,66.69000244140625,11.984000205993652,34.59000015258789
2022-01-12 00:00:00,226.0500030517578,12.223999977111816,188.32000732421875,97.4499969482422,254.0,90.1999969482422,16.01799964904785,122.26000213623048,55.59999847412109,66.86000061035156,11.899999618530272,35.290000915527344
2022-01-13 00:00:00,227.3999938964844,12.199999809265137,190.05999755859372,99.0199966430664,256.20001220703125,89.95999908447266,15.958000183105469,120.5,55.880001068115234,67.75,12.133999824523926,35.970001220703125
2022-01-14 00:00:00,227.0,11.95400047302246,193.1000061035156,99.31999969482422,252.3500061035156,90.72000122070312,16.013999938964844,120.4800033569336,55.63999938964844,68.11000061035156,12.281999588012695,36.2599983215332
2022-01-17 00:00:00,227.0500030517578,12.017999649047852,192.5800018310547,99.0199966430664,252.6499938964844,90.13999938964844,15.895999908447266,122.5199966430664,55.09999847412109,68.13999938964844,12.25,36.58000183105469
2022-01-18 00:00:00,225.9499969482422,11.925999641418455,190.5200042724609,98.94000244140624,254.1999969482422,89.0999984741211,15.925999641418455,120.95999908447266,53.959999084472656,67.66000366210938,12.29599952697754,35.900001525878906
2022-01-19 00:00:00,223.8000030517578,11.784000396728516,191.6999969482422,97.86000061035156,253.6000061035156,89.0999984741211,16.20599937438965,121.41999816894533,54.0,67.80000305175781,12.093999862670898,35.77000045776367
2022-01-20 00:00:00,224.8000030517578,11.675999641418455,190.72000122070312,96.83000183105467,255.6499938964844,90.33999633789062,16.163999557495117,122.9800033569336,53.0,67.44000244140625,12.232000350952148,36.540000915527344
2022-01-21 00:00:00,221.6999969482422,11.477999687194824,187.6199951171875,95.55999755859376,250.6000061035156,90.37999725341795,15.91800022125244,121.1999969482422,52.84000015258789,66.18000030517578,12.064000129699709,36.0099983215332
2022-01-24 00:00:00,216.6000061035156,10.760000228881836,176.52000427246094,91.4800033569336,240.75,89.80000305175781,15.984000205993652,116.0,51.2599983215332,64.26000213623047,11.920000076293944,35.119998931884766
2022-01-25 00:00:00,220.0500030517578,11.074000358581545,178.25999450683594,92.08000183105467,237.75,92.04000091552734,15.946000099182127,116.62000274658205,50.91999816894531,65.33000183105469,11.947999954223633,34.65999984741211
2022-01-26 00:00:00,224.8000030517578,11.420000076293944,183.0200042724609,94.16999816894533,243.1999969482422,90.81999969482422,16.115999221801758,117.87999725341795,53.63999938964844,67.30999755859375,11.994000434875488,36.150001525878906
2022-01-27 00:00:00,228.6999969482422,11.920000076293944,186.25999450683597,94.0,242.1499938964844,91.45999908447266,16.511999130249023,110.83999633789062,54.7400016784668,68.44999694824219,12.338000297546388,38.0
2022-01-28 00:00:00,227.8000030517578,11.911999702453612,183.6000061035156,92.4000015258789,236.1499938964844,88.77999877929688,16.722000122070312,108.18000030517578,53.7599983215332,68.51000213623047,12.23799991607666,37.560001373291016
2022-01-31 00:00:00,227.3500061035156,12.253999710083008,183.32000732421875,92.9499969482422,242.25,88.08000183105469,16.687999725341797,110.4000015258789,52.86000061035156,67.5199966430664,12.220000267028809,37.310001373291016
2022-02-01 00:00:00,227.1499938964844,12.63599967956543,185.32000732421875,94.29000091552734,243.75,88.27999877929688,16.777999877929688,113.0,53.47999954223633,67.95999908447266,12.342000007629396,37.09999847412109
2022-02-02 00:00:00,227.0500030517578,12.640000343322754,184.3999938964844,93.68000030517578,246.1499938964844,89.68000030517578,16.913999557495117,112.0999984741211,54.560001373291016,67.94999694824219,12.381999969482422,37.220001220703125
2022-02-03 00:00:00,225.4499969482422,13.260000228881836,181.7400054931641,93.76000213623048,242.25,88.5199966430664,17.253999710083008,109.0999984741211,53.79999923706055,67.4800033569336,12.289999961853027,36.77000045776367
2022-02-04 00:00:00,222.25,13.57800006866455,176.13999938964844,89.66000366210938,240.1000061035156,87.66000366210938,17.101999282836914,109.18000030517578,52.59999847412109,66.70999908447266,12.156000137329102,36.869998931884766
2022-02-07 00:00:00,225.75,13.697999954223633,175.94000244140625,89.86000061035156,240.4499969482422,87.76000213623047,17.035999298095703,111.1999969482422,52.79999923706055,66.97000122070312,12.229999542236328,36.7599983215332
2022-02-08 00:00:00,229.8500061035156,14.37399959564209,176.4600067138672,89.91000366210938,239.1000061035156,88.30000305175781,17.34000015258789,109.73999786376952,53.97999954223633,68.19999694824219,12.279999732971191,36.86000061035156
2022-02-09 00:00:00,231.9499969482422,14.40999984741211,187.25999450683597,93.33000183105467,244.9499969482422,87.4000015258789,17.68400001525879,109.76000213623048,54.13999938964844,68.62000274658203,12.234000205993652,37.119998931884766
2022-02-10 00:00:00,229.25,14.461999893188477,187.27999877929688,92.7699966430664,242.8999938964844,87.0199966430664,17.45599937438965,109.3000030517578,54.47999954223633,68.55999755859375,12.131999969482422,37.25
2022-02-11 00:00:00,229.5500030517578,14.39799976348877,188.63999938964844,95.3000030517578,236.1999969482422,88.0,17.444000244140625,107.5,54.27999877929688,68.69000244140625,12.182000160217283,37.63999938964844
2022-02-14 00:00:00,223.1000061035156,13.895999908447266,182.6999969482422,92.58999633789062,231.1499938964844,87.4800033569336,17.236000061035156,105.37999725341795,52.720001220703125,66.44999694824219,11.9399995803833,36.52000045776367
2022-02-15 00:00:00,225.8500061035156,14.017999649047852,188.1999969482422,94.93000030517578,235.25,88.33999633789062,17.468000411987305,105.6999969482422,54.5,68.19000244140625,12.04800033569336,37.11000061035156
2022-02-16 00:00:00,225.3999938964844,13.883999824523926,186.0200042724609,94.0500030517578,234.25,88.23999786376953,17.486000061035156,105.5,54.68000030517578,68.5199966430664,12.010000228881836,36.880001068115234
2022-02-17 00:00:00,222.5,13.6899995803833,184.0,95.97000122070312,230.5500030517578,90.31999969482422,17.06399917602539,105.26000213623048,54.09999847412109,67.8499984741211,12.140000343322754,38.59999847412109
2022-02-18 00:00:00,214.1000061035156,13.564000129699709,180.10000610351562,95.37999725341795,229.3999938964844,91.12000274658205,17.11199951171875,102.26000213623048,52.79999923706055,67.26000213623047,12.12600040435791,38.34000015258789
2022-02-21 00:00:00,208.3500061035156,13.29800033569336,174.97999572753906,92.29000091552734,226.0,89.73999786376953,16.266000747680664,101.0199966430664,51.7599983215332,66.08999633789062,12.03600025177002,37.68999862670898
2022-02-22 00:00:00,206.6000061035156,13.20400047302246,188.6999969482422,90.93000030517578,223.0500030517578,86.72000122070312,16.534000396728516,100.05999755859376,50.959999084472656,65.2699966430664,12.003999710083008,37.790000915527344
2022-02-23 00:00:00,206.3500061035156,12.87399959564209,187.0800018310547,91.62000274658205,217.8999938964844,88.45999908447266,16.423999786376953,99.5999984741211,51.20000076293945,64.86000061035156,11.956000328063965,37.540000915527344
2022-02-24 00:00:00,200.1999969482422,11.260000228881836,176.10000610351562,84.98999786376953,210.1499938964844,86.55999755859375,15.960000038146973,97.4800033569336,47.36000061035156,61.060001373291016,11.491999626159668,37.709999084472656
2022-02-25 00:00:00,207.4499969482422,11.878000259399414,185.32000732421875,88.0199966430664,213.8500061035156,89.66000366210938,16.18000030517578,101.4000015258789,48.09000015258789,60.43000030517578,11.817999839782717,40.0
2022-02-28 00:00:00,203.3000030517578,11.260000228881836,178.0399932861328,86.55999755859375,212.0500030517578,90.41999816894533,15.855999946594238,101.31999969482422,47.209999084472656,59.25,12.118000030517578,41.4900016784668
2022-03-01 00:00:00,195.72000122070312,10.407999992370604,164.47999572753906,82.48999786376953,204.3500061035156,93.27999877929688,15.538000106811523,98.87999725341795,46.130001068115234,55.52000045776367,12.12399959564209,39.06999969482422
2022-03-02 00:00:00,197.32000732421875,10.387999534606934,160.0,80.55999755859375,205.5,91.62000274658205,16.04599952697754,100.87999725341795,46.22999954223633,57.290000915527344,11.13599967956543,37.56999969482422
2022-03-03 00:00:00,196.05999755859372,10.10200023651123,155.36000061035156,77.51000213623047,200.3000030517578,88.58000183105469,15.770000457763672,99.22000122070312,44.79999923706055,54.95000076293945,11.076000213623049,34.34000015258789
2022-03-04 00:00:00,188.55999755859372,9.14799976348877,144.5,73.0999984741211,187.0,85.19999694824219,15.32800006866455,96.7699966430664,42.45000076293945,51.20000076293945,10.605999946594238,35.9900016784668
2022-03-07 00:00:00,183.22000122070312,8.895000457763672,136.74000549316406,70.5199966430664,176.89999389648438,81.87999725341797,15.001999855041504,97.2699966430664,41.209999084472656,48.77000045776367,10.25,34.5
2022-03-08 00:00:00,187.94000244140625,9.119000434875488,135.83999633789062,71.05000305175781,184.94000244140625,80.63999938964844,15.354000091552734,96.38999938964844,41.959999084472656,49.77999877929688,9.95699977874756,34.790000915527344
2022-03-09 00:00:00,201.6000061035156,9.805999755859377,150.32000732421875,76.19999694824219,210.1499938964844,86.0199966430664,16.02400016784668,101.41999816894533,45.68000030517578,54.790000915527344,10.68000030517578,37.68000030517578
2022-03-10 00:00:00,198.1000061035156,9.739999771118164,143.77999877929688,72.0,197.0800018310547,83.31999969482422,15.90999984741211,98.0199966430664,45.290000915527344,53.209999084472656,10.289999961853027,37.72999954223633
2022-03-11 00:00:00,203.75,9.590999603271484,143.6999969482422,72.41999816894531,204.0,83.9800033569336,15.996000289916992,99.58000183105467,45.61000061035156,53.880001068115234,10.276000022888184,37.06999969482422
2022-03-14 00:00:00,209.3000030517578,10.355999946594238,150.0,74.43000030517578,206.1000061035156,85.76000213623047,16.357999801635742,101.18000030517578,46.79999923706055,54.65999984741211,10.670000076293944,36.93999862670898
2022-03-15 00:00:00,208.8999938964844,10.326000213623049,151.0,75.31999969482422,203.6999969482422,85.12000274658203,16.555999755859375,100.54000091552734,45.9900016784668,53.81999969482422,10.845999717712402,37.290000915527344
2022-03-16 00:00:00,215.8500061035156,11.06999969482422,155.63999938964844,78.4000015258789,213.6000061035156,87.76000213623047,16.826000213623047,102.83999633789062,47.459999084472656,55.310001373291016,10.763999938964844,37.04999923706055
2022-03-17 00:00:00,213.4499969482422,10.89799976348877,155.4600067138672,76.66999816894531,214.1499938964844,88.41999816894531,16.833999633789062,103.73999786376952,47.40999984741211,54.560001373291016,10.763999938964844,37.36000061035156
2022-03-18 00:00:00,211.8999938964844,11.02400016784668,153.9199981689453,75.9000015258789,216.6000061035156,91.36000061035156,16.729999542236328,103.6999969482422,47.40999984741211,54.02000045776367,10.708000183105469,37.65999984741211
2022-03-21 00:00:00,212.3500061035156,11.07800006866455,153.75999450683594,77.44000244140625,213.5500030517578,88.0,16.591999053955078,101.9000015258789,47.68000030517578,54.400001525878906,10.696000099182127,37.36000061035156
2022-03-22 00:00:00,215.0,11.699999809265137,155.0,79.05999755859375,216.6499938964844,91.81999969482422,16.68600082397461,102.5,48.0,54.560001373291016,10.805999755859377,38.0
2022-03-23 00:00:00,212.8500061035156,11.593999862670898,152.66000366210938,78.26000213623047,211.75,92.45999908447266,16.57200050354004,100.6999969482422,47.619998931884766,53.25,10.43000030517578,37.33000183105469
2022-03-24 00:00:00,212.6499938964844,11.539999961853027,151.97999572753906,78.47000122070312,210.3500061035156,92.16000366210938,16.82200050354004,100.41999816894533,47.47999954223633,52.29999923706055,10.366000175476074,37.54999923706055
2022-03-25 00:00:00,213.3000030517578,11.657999992370604,151.17999267578125,77.88999938964844,212.4499969482422,93.23999786376952,16.922000885009766,100.86000061035156,46.220001220703125,51.810001373291016,10.465999603271484,37.45000076293945
2022-03-28 00:00:00,214.75,11.661999702453612,151.74000549316406,78.23999786376953,212.8000030517578,94.05999755859376,17.233999252319336,100.9800033569336,47.0099983215332,52.650001525878906,10.517999649047852,38.08000183105469
2022-03-29 00:00:00,218.5500030517578,11.968000411987305,159.47999572753906,82.62999725341797,217.8000030517578,95.4000015258789,17.233999252319336,103.41999816894533,48.720001220703125,55.040000915527344,10.767999649047852,38.36000061035156
2022-03-30 00:00:00,216.3000030517578,11.633999824523926,159.05999755859375,80.26000213623047,216.3999938964844,96.0,17.166000366210938,102.05999755859376,46.93000030517578,53.290000915527344,10.68000030517578,38.650001525878906
2022-03-31 00:00:00,216.5500030517578,11.510000228881836,157.0,78.5999984741211,211.8999938964844,95.1999969482422,16.93199920654297,101.12000274658205,45.84000015258789,51.7599983215332,10.541999816894531,39.52999877929688
2022-04-01 00:00:00,218.0,11.821999549865724,157.5800018310547,79.0,210.1000061035156,96.0999984741211,17.20599937438965,99.75,45.65999984741211,52.130001068115234,10.40999984741211,39.220001220703125
2022-04-04 00:00:00,216.8500061035156,11.805999755859377,158.75999450683594,79.8499984741211,212.6000061035156,97.5,17.426000595092773,101.58000183105467,46.09999847412109,51.869998931884766,10.414999961853027,39.54999923706055
2022-04-05 00:00:00,216.1000061035156,11.765999794006348,156.74000549316406,78.18000030517578,209.6499938964844,99.36000061035156,17.549999237060547,101.68000030517578,45.540000915527344,51.130001068115234,10.324999809265137,40.619998931884766
2022-04-06 00:00:00,214.6999969482422,11.394000053405762,152.16000366210938,76.30000305175781,202.5,98.08000183105467,17.525999069213867,100.58000183105467,44.130001068115234,50.310001373291016,10.239999771118164,41.08000183105469
2022-04-07 00:00:00,213.3000030517578,11.399999618530272,149.8000030517578,75.66999816894531,203.6999969482422,97.9000015258789,17.68600082397461,99.72000122070312,43.59000015258789,50.34999847412109,10.130000114440918,40.619998931884766
2022-04-08 00:00:00,216.9499969482422,11.843999862670898,153.0399932861328,77.0,207.6000061035156,96.91999816894533,17.055999755859375,100.41999816894533,43.97999954223633,51.36000061035156,10.4350004196167,41.63999938964844
2022-04-11 00:00:00,219.3000030517578,11.923999786376951,151.67999267578125,75.98999786376953,202.3999938964844,94.08000183105467,16.95400047302246,99.33999633789062,43.369998931884766,51.400001525878906,10.380000114440918,41.25
2022-04-12 00:00:00,219.1999969482422,10.80799961090088,151.10000610351562,76.08999633789062,202.3999938964844,94.0,16.854000091552734,98.31999969482422,43.619998931884766,51.959999084472656,10.19499969482422,40.47999954223633
2022-04-13 00:00:00,217.5,10.895999908447266,151.1999969482422,76.25,197.75999450683597,93.94000244140624,17.26799964904785,96.8499984741211,42.93999862670898,51.34000015258789,10.0600004196167,40.43999862670898
2022-04-14 00:00:00,219.1000061035156,10.97599983215332,148.97999572753906,76.23999786376953,201.0,94.44000244140624,17.1560001373291,97.16000366210938,43.54999923706055,51.65999984741211,10.140000343322754,39.900001525878906
2022-04-19 00:00:00,218.0500030517578,11.001999855041504,153.0,78.0199966430664,203.6999969482422,93.36000061035156,17.128000259399414,97.16999816894533,44.7599983215332,52.18999862670898,10.100000381469728,40.20000076293945
2022-04-20 00:00:00,220.3000030517578,11.218000411987305,155.10000610351562,79.19999694824219,208.0500030517578,95.36000061035156,17.20599937438965,98.4800033569336,45.5099983215332,52.91999816894531,10.154999732971191,40.959999084472656
2022-04-21 00:00:00,220.3000030517578,11.218000411987305,155.10000610351562,79.19999694824219,208.0500030517578,95.36000061035156,17.31599998474121,98.4800033569336,45.5099983215332,52.91999816894531,10.154999732971191,40.959999084472656
2022-04-22 00:00:00,219.1999969482422,11.218000411987305,152.5399932861328,79.19999694824219,208.0500030517578,95.36000061035156,17.04599952697754,97.56999969482422,45.5099983215332,52.31999969482422,10.145000457763672,40.959999084472656
2022-04-25 00:00:00,212.6499938964844,10.392000198364258,149.02000427246094,77.47000122070312,192.2400054931641,96.63999938964844,17.263999938964844,95.73999786376952,41.11000061035156,51.72999954223633,10.260000228881836,40.08000183105469
2022-04-26 00:00:00,213.3000030517578,10.119999885559082,145.5,76.2699966430664,188.44000244140625,96.63999938964844,17.010000228881836,94.55999755859376,41.11000061035156,50.54999923706055,10.039999961853027,39.65999984741211
2022-04-27 00:00:00,213.3000030517578,10.119999885559082,145.5,76.2699966430664,188.44000244140625,96.63999938964844,17.43600082397461,94.55999755859376,41.11000061035156,50.54999923706055,10.039999961853027,39.65999984741211
2022-04-28 00:00:00,214.3500061035156,9.621999740600586,147.33999633789062,77.80000305175781,188.2400054931641,96.22000122070312,17.72800064086914,96.76000213623048,41.220001220703125,50.810001373291016,10.09000015258789,40.43000030517578
2022-04-29 00:00:00,216.1999969482422,9.62600040435791,148.94000244140625,78.51000213623047,193.72000122070312,95.81999969482422,17.25,97.55999755859376,41.290000915527344,50.40999984741211,9.93000030517578,39.59000015258789
2022-05-02 00:00:00,215.0,9.47700023651123,147.22000122070312,77.63999938964844,194.17999267578125,94.31999969482422,17.336000442504883,96.51000213623048,41.290000915527344,47.435001373291016,9.87399959564209,38.84999847412109
2022-05-03 00:00:00,217.0,9.861000061035156,150.1999969482422,79.9800033569336,192.25999450683597,93.5199966430664,17.329999923706055,95.25,39.400001525878906,47.5099983215332,9.824000358581545,39.08000183105469
2022-05-04 00:00:00,213.5500030517578,9.817999839782717,148.52000427246094,79.47000122070312,193.8000030517578,93.55999755859376,17.72599983215332,93.48999786376952,40.20000076293945,49.04499816894531,9.784000396728516,40.56999969482422
2022-05-05 00:00:00,199.75999450683597,9.451000213623049,147.17999267578125,78.02999877929688,188.22000122070312,93.31999969482422,17.535999298095703,95.22000122070312,38.75,47.57500076293945,9.751999855041504,40.29999923706055
2022-05-06 00:00:00,199.75999450683597,9.451000213623049,147.17999267578125,78.02999877929688,188.22000122070312,93.31999969482422,17.26799964904785,95.22000122070312,38.75,47.57500076293945,9.751999855041504,40.29999923706055
2022-05-09 00:00:00,191.66000366210935,8.956000328063965,142.72000122070312,77.62000274658203,173.5399932861328,93.31999969482422,17.163999557495117,90.7699966430664,38.75,47.08000183105469,9.76200008392334,40.02999877929688
2022-05-10 00:00:00,193.72000122070312,9.10099983215332,142.8000030517578,78.20999908447266,173.36000061035156,90.63999938964844,17.27199935913086,91.66000366210938,38.43000030517578,48.5099983215332,9.854000091552734,39.4900016784668
2022-05-11 00:00:00,205.1499938964844,9.314000129699709,146.6999969482422,82.26000213623047,181.8600006103516,90.63999938964844,17.246000289916992,93.06999969482422,38.43000030517578,49.59999847412109,10.229999542236328,40.400001525878906
2022-05-12 00:00:00,198.33999633789065,9.131999969482422,146.44000244140625,75.77999877929688,180.47999572753903,93.4000015258789,17.857999801635742,93.4000015258789,38.9900016784668,49.060001373291016,9.946000099182127,38.84999847412109
2022-05-13 00:00:00,198.33999633789065,9.131999969482422,146.44000244140625,75.77999877929688,180.47999572753903,93.4000015258789,18.263999938964844,93.4000015258789,38.9900016784668,49.060001373291016,9.946000099182127,38.84999847412109
2022-05-16 00:00:00,198.82000732421875,9.218999862670898,144.74000549316406,77.66000366210938,180.05999755859375,95.81999969482422,18.106000900268555,93.23999786376952,39.560001373291016,49.29499816894531,9.93000030517578,41.20000076293945
2022-05-17 00:00:00,202.25,9.538000106811523,145.9199981689453,78.62000274658203,183.3000030517578,95.9000015258789,18.09000015258789,93.94000244140624,40.720001220703125,50.68999862670898,9.913999557495115,41.25
2022-05-18 00:00:00,200.8500061035156,9.470999717712402,145.97999572753906,78.0199966430664,175.97999572753906,95.16000366210938,17.854000091552734,91.5,40.04999923706055,49.85499954223633,10.074999809265137,42.54999923706055
2022-05-19 00:00:00,194.8000030517578,9.491999626159668,145.32000732421875,77.83999633789062,175.97999572753906,95.16000366210938,18.06599998474121,90.2300033569336,40.04999923706055,48.86000061035156,9.956000328063965,42.54999923706055
2022-05-20 00:00:00,195.5800018310547,9.362000465393066,145.67999267578125,77.44999694824219,172.8000030517578,93.91999816894533,18.242000579833984,92.0199966430664,39.9900016784668,48.84999847412109,10.045000076293944,43.119998931884766
2022-05-23 00:00:00,199.3800048828125,10.017999649047852,147.82000732421875,78.23999786376953,175.47999572753906,95.5199966430664,18.44599914550781,93.01000213623048,40.93999862670898,49.73500061035156,10.104999542236328,43.31999969482422
2022-05-24 00:00:00,197.8600006103516,10.083999633789062,145.44000244140625,77.79000091552734,171.1999969482422,95.37999725341795,18.624000549316406,91.9800033569336,40.2400016784668,48.755001068115234,9.779999732971191,41.41999816894531
2022-05-25 00:00:00,197.8600006103516,10.083999633789062,145.44000244140625,77.79000091552734,171.1999969482422,95.37999725341795,18.78199958801269,91.9800033569336,40.2400016784668,48.755001068115234,9.779999732971191,41.41999816894531
2022-05-26 00:00:00,198.8000030517578,10.413999557495115,151.33999633789062,80.25,176.75999450683594,94.8000030517578,18.899999618530277,91.5999984741211,41.88999938964844,50.790000915527344,9.880000114440918,41.70000076293945
2022-05-27 00:00:00,198.8000030517578,10.413999557495115,151.33999633789062,80.25,176.75999450683594,94.8000030517578,19.145999908447266,91.5999984741211,41.88999938964844,50.790000915527344,9.880000114440918,41.70000076293945
2022-05-30 00:00:00,198.8000030517578,10.413999557495115,151.33999633789062,80.25,176.75999450683594,94.8000030517578,18.988000869750977,91.5999984741211,41.88999938964844,50.790000915527344,9.880000114440918,41.70000076293945
2022-05-31 00:00:00,195.0200042724609,10.37399959564209,154.67999267578125,80.62999725341797,184.4600067138672,96.5199966430664,19.107999801635746,92.79000091552734,42.5,51.290000915527344,9.484000205993652,41.0
2022-06-01 00:00:00,193.8999938964844,10.288000106811523,157.8000030517578,82.33000183105469,182.44000244140625,95.3000030517578,19.073999404907227,93.3000030517578,43.08000183105469,51.72999954223633,9.510000228881836,40.79999923706055
2022-06-02 00:00:00,193.8999938964844,10.288000106811523,157.8000030517578,82.33000183105469,182.44000244140625,95.3000030517578,19.12800025939941,93.3000030517578,43.08000183105469,51.72999954223633,9.510000228881836,40.79999923706055
2022-06-03 00:00:00,195.17999267578125,10.288000106811523,156.67999267578125,82.33000183105469,182.44000244140625,95.3000030517578,19.077999114990234,93.61000061035156,43.08000183105469,52.02000045776367,9.510000228881836,40.79999923706055
2022-06-06 00:00:00,198.3000030517578,10.456000328063965,158.60000610351562,83.58000183105469,188.33999633789065,96.83999633789062,19.13800048828125,94.72000122070312,44.060001373291016,52.52000045776367,9.645999908447266,41.0
2022-06-07 00:00:00,196.16000366210935,10.336000442504885,157.66000366210938,82.58999633789062,186.0,95.81999969482422,19.14800071716309,94.47000122070312,43.400001525878906,52.18000030517578,9.66800022125244,41.7599983215332
2022-06-08 00:00:00,191.5800018310547,10.140000343322754,159.8000030517578,83.5,186.97999572753903,94.77999877929688,18.59000015258789,93.5999984741211,43.810001373291016,52.68000030517578,9.644000053405762,41.36000061035156
2022-06-09 00:00:00,189.3800048828125,10.013999938964844,157.1999969482422,82.66000366210938,181.3999938964844,98.72000122070312,18.47599983215332,92.3499984741211,43.36000061035156,51.869998931884766,9.574000358581545,41.04999923706055
2022-06-10 00:00:00,182.5,9.428000450134276,152.27999877929688,80.54000091552734,175.6999969482422,97.4800033569336,18.17799949645996,89.02999877929688,41.560001373291016,49.630001068115234,9.522000312805176,40.70000076293945
2022-06-13 00:00:00,182.0399932861328,9.25,145.17999267578125,77.97000122070312,169.67999267578125,97.4000015258789,18.17799949645996,87.0,40.77000045776367,49.07500076293945,9.326000213623049,38.97999954223633
2022-06-14 00:00:00,182.05999755859372,9.255999565124512,144.16000366210938,77.61000061035156,164.5399932861328,93.04000091552734,17.809999465942383,87.01000213623047,39.59999847412109,48.38999938964844,9.09000015258789,38.16999816894531
2022-06-15 00:00:00,186.5,9.496000289916992,147.05999755859375,79.54000091552734,166.44000244140625,93.5,18.13400077819824,88.98999786376953,39.59000015258789,49.02999877929688,9.100000381469728,38.56999969482422
2022-06-16 00:00:00,183.5,9.338000297546388,142.8000030517578,77.1500015258789,162.0,91.0199966430664,17.739999771118164,87.7699966430664,36.150001525878906,45.665000915527344,8.496000289916992,37.09999847412109
2022-06-17 00:00:00,183.44000244140625,9.401000022888184,141.66000366210938,77.5999984741211,166.0,89.72000122070312,18.10400009155273,89.0199966430664,35.72999954223633,45.29999923706055,8.720000267028809,37.38999938964844
2022-06-20 00:00:00,186.1199951171875,9.663000106811523,143.8000030517578,78.72000122070312,166.52000427246094,93.55999755859376,18.492000579833984,89.23999786376953,35.58000183105469,45.75,8.770000457763672,38.790000915527344
2022-06-21 00:00:00,185.13999938964844,9.708999633789062,146.47999572753906,79.66000366210938,166.0800018310547,94.08000183105467,18.492000579833984,89.45999908447266,36.119998931884766,46.07500076293945,8.727999687194824,39.0099983215332
2022-06-22 00:00:00,183.83999633789065,9.694000244140623,144.39999389648438,78.16000366210938,164.97999572753906,95.26000213623048,18.618000030517575,89.55000305175781,34.13999938964844,43.400001525878906,8.850000381469727,38.38999938964844
2022-06-23 00:00:00,179.0,8.51200008392334,139.05999755859375,74.9000015258789,167.05999755859375,96.68000030517578,18.61599922180176,89.37999725341797,33.11000061035156,41.43000030517578,8.746000289916992,38.619998931884766
2022-06-24 00:00:00,181.1999969482422,8.918999671936035,139.17999267578125,74.94000244140625,170.36000061035156,97.9800033569336,18.875999450683597,92.33000183105467,34.47999954223633,42.21500015258789,8.60200023651123,37.41999816894531
2022-06-27 00:00:00,181.0399932861328,8.890000343322754,138.8800048828125,75.7300033569336,171.8800048828125,98.62000274658205,18.875999450683597,92.3000030517578,34.2599983215332,42.810001373291016,8.513999938964844,36.810001373291016
2022-06-28 00:00:00,183.1000061035156,8.86299991607666,140.82000732421875,76.4800033569336,170.32000732421875,97.86000061035156,18.917999267578125,91.23999786376952,34.380001068115234,43.025001525878906,8.609999656677246,37.52999877929688
2022-06-29 00:00:00,183.72000122070312,8.571000099182129,134.4600067138672,74.5199966430664,170.02000427246094,98.55999755859376,18.96999931335449,90.16999816894533,32.97999954223633,41.58000183105469,8.368000030517578,37.02999877929688
2022-06-30 00:00:00,182.1199951171875,8.317999839782715,127.41999816894533,73.45999908447266,168.75999450683594,97.4800033569336,18.902000427246094,86.93000030517578,32.97999954223633,41.525001525878906,8.008000373840332,35.08000183105469
2022-07-01 00:00:00,182.0,8.053000450134277,127.4800033569336,73.76000213623047,167.63999938964844,98.3000030517578,19.239999771118164,86.69999694824219,32.529998779296875,41.27000045776367,8.20199966430664,36.91999816894531
2022-07-04 00:00:00,183.0200042724609,8.092000007629395,127.0,72.79000091552734,167.66000366210938,99.1999969482422,19.31599998474121,85.44000244140625,32.459999084472656,41.8849983215332,8.170000076293945,36.61000061035156
2022-07-05 00:00:00,175.22000122070312,7.763000011444092,120.8000030517578,71.5,166.24000549316406,98.76000213623048,19.31599998474121,85.43000030517578,30.790000915527344,39.32500076293945,7.915999889373779,35.4900016784668
2022-07-06 00:00:00,175.5,7.688000202178955,120.63999938964844,71.37000274658203,164.5399932861328,100.6999969482422,19.02400016784668,87.83999633789062,31.0,39.75,7.857999801635742,35.54999923706055
2022-07-07 00:00:00,178.4600067138672,7.982999801635742,126.95999908447266,74.77999877929688,169.27999877929688,99.3000030517578,19.27400016784668,88.88999938964844,32.25,41.29999923706055,8.031999588012695,35.709999084472656
2022-07-08 00:00:00,180.27999877929688,8.199999809265137,134.4600067138672,76.04000091552734,168.4600067138672,98.94000244140624,19.17799949645996,89.5999984741211,33.439998626708984,42.915000915527344,8.184000015258789,35.81999969482422
2022-07-11 00:00:00,178.27999877929688,7.869999885559082,130.27999877929688,73.79000091552734,163.0800018310547,98.12000274658205,19.20599937438965,88.37999725341797,32.0,41.26499938964844,8.112000465393066,36.4900016784668
2022-07-12 00:00:00,178.27999877929688,7.869999885559082,130.27999877929688,73.79000091552734,163.0800018310547,98.12000274658205,19.1560001373291,88.37999725341797,32.0,41.26499938964844,8.112000465393066,36.4900016784668
2022-07-13 00:00:00,175.97999572753906,7.777999877929687,128.33999633789062,72.45999908447266,160.94000244140625,98.76000213623048,19.200000762939453,85.41000366210938,32.029998779296875,41.45000076293945,8.052000045776367,36.15999984741211
2022-07-14 00:00:00,169.94000244140625,7.673999786376953,126.3000030517578,72.22000122070312,154.44000244140625,97.83999633789062,18.78199958801269,84.94000244140625,31.600000381469727,40.400001525878906,7.941999912261963,35.560001373291016
2022-07-15 00:00:00,173.0,7.798999786376953,132.24000549316406,75.12000274658203,160.9600067138672,97.9800033569336,19.04199981689453,87.2300033569336,32.189998626708984,41.45500183105469,8.04800033569336,36.81999969482422
2022-07-18 00:00:00,173.67999267578125,8.071000099182129,135.9600067138672,76.0,165.17999267578125,98.8000030517578,18.868000030517575,87.72000122070312,32.880001068115234,42.720001220703125,8.050000190734863,37.11000061035156
2022-07-19 00:00:00,175.72000122070312,8.432000160217285,141.22000122070312,78.12999725341797,175.9199981689453,100.4499969482422,19.09000015258789,89.87999725341797,34.790000915527344,44.685001373291016,8.394000053405762,38.59000015258789
2022-07-20 00:00:00,175.13999938964844,8.39900016784668,139.6199951171875,77.52999877929688,173.89999389648438,98.83999633789062,18.80599975585937,90.72000122070312,34.66999816894531,44.665000915527344,8.428000450134277,38.2599983215332
2022-07-21 00:00:00,174.3800048828125,8.460000038146973,135.8800048828125,76.88999938964844,175.0800018310547,99.37999725341795,18.621999740600582,88.13999938964844,33.959999084472656,43.66999816894531,8.116000175476074,37.25
2022-07-22 00:00:00,174.1199951171875,8.26200008392334,134.32000732421875,77.0999984741211,176.6199951171875,99.91999816894533,18.145999908447266,92.05999755859376,33.439998626708984,43.13999938964844,8.456000328063965,37.52000045776367
2022-07-25 00:00:00,174.4199981689453,8.35099983215332,132.63999938964844,77.97000122070312,176.02000427246094,99.73999786376952,18.17200088500977,90.01000213623047,33.15999984741211,43.13999938964844,8.430000305175781,37.84000015258789
2022-07-26 00:00:00,173.63999938964844,8.189000129699707,130.4199981689453,76.08000183105469,169.72000122070312,100.8000030517578,18.106000900268555,89.22000122070312,32.22999954223633,42.185001373291016,8.39799976348877,38.150001525878906
2022-07-27 00:00:00,173.82000732421875,8.055000305175781,130.8000030517578,76.58000183105469,161.05999755859375,100.4499969482422,18.54599952697754,88.8499984741211,32.34000015258789,41.619998931884766,8.498000144958496,39.15999984741211
2022-07-28 00:00:00,173.3800048828125,8.340999603271484,135.60000610351562,78.43000030517578,166.33999633789062,100.4499969482422,18.417999267578125,89.9000015258789,32.63999938964844,42.54999923706055,8.534000396728516,39.81999969482422
2022-07-29 00:00:00,177.32000732421875,8.526000022888184,137.3000030517578,79.4800033569336,167.8000030517578,100.6500015258789,18.549999237060547,90.68000030517578,33.22999954223633,43.415000915527344,8.770000457763672,40.18000030517578
2022-08-01 00:00:00,178.27999877929688,8.402000427246094,138.6199951171875,79.88999938964844,170.9199981689453,102.1500015258789,18.68199920654297,91.69000244140624,33.04999923706055,43.334999084472656,8.746000289916992,40.310001373291016
2022-08-02 00:00:00,176.24000549316406,8.40999984741211,141.52000427246094,81.08000183105469,167.0800018310547,102.0,18.832000732421875,89.62999725341797,33.5099983215332,43.7400016784668,8.907999992370605,40.15999984741211
2022-08-03 00:00:00,179.17999267578125,8.564000129699707,144.47999572753906,76.56999969482422,171.0,102.25,18.673999786376957,91.8000030517578,33.810001373291016,43.869998931884766,8.770000457763672,40.02999877929688
2022-08-04 00:00:00,179.4600067138672,8.62600040435791,143.60000610351562,76.2699966430664,175.24000549316406,102.25,18.68199920654297,92.83999633789062,33.810001373291016,44.22499847412109,8.791999816894531,40.36000061035156
2022-08-05 00:00:00,176.63999938964844,8.755000114440918,143.44000244140625,76.61000061035156,171.55999755859375,101.8499984741211,18.804000854492188,92.2300033569336,33.13999938964844,44.02000045776367,8.795999526977539,41.09999847412109
2022-08-08 00:00:00,177.83999633789062,8.798999786376953,145.6999969482422,78.0999984741211,175.10000610351562,102.75,18.757999420166016,93.0999984741211,33.189998626708984,44.79999923706055,9.034000396728516,41.970001220703125
2022-08-09 00:00:00,178.55999755859375,8.72700023651123,142.86000061035156,77.08999633789062,169.0,101.9499969482422,18.974000930786133,91.87999725341795,32.40999984741211,43.994998931884766,9.163999557495115,42.31999969482422
2022-08-10 00:00:00,178.5,8.829000473022461,145.9199981689453,77.98999786376953,173.36000061035156,102.4000015258789,18.974000930786133,93.37999725341795,32.97999954223633,44.44499969482422,8.949999809265137,42.4900016784668
2022-08-11 00:00:00,179.0,8.86400032043457,146.94000244140625,77.70999908447266,172.02000427246094,101.8000030517578,18.85400009155273,92.8000030517578,31.81999969482422,43.42499923706055,9.220000267028809,42.25
2022-08-12 00:00:00,181.0800018310547,9.060999870300291,148.32000732421875,78.55000305175781,173.1999969482422,101.75,18.72599983215332,93.02999877929688,32.56999969482422,44.15499877929688,9.407999992370604,42.52000045776367
2022-08-15 00:00:00,178.77999877929688,8.942000389099121,150.02000427246094,78.12000274658203,172.94000244140625,102.25,18.766000747680664,93.29000091552734,32.279998779296875,44.060001373291016,9.366000175476074,42.380001068115234
2022-08-16 00:00:00,179.94000244140625,8.96399974822998,150.60000610351562,79.25,173.36000061035156,102.9499969482422,19.086000442504883,92.56999969482422,32.97999954223633,44.75,9.508000373840332,43.52000045776367
2022-08-17 00:00:00,177.5399932861328,8.855999946594238,147.0,77.29000091552734,169.10000610351562,102.5500030517578,18.82200050354004,91.27999877929688,31.229999542236328,42.685001373291016,9.232000350952148,43.06999969482422
2022-08-18 00:00:00,178.52000427246094,8.868000030517578,148.9199981689453,77.88999938964844,167.52000427246094,102.75,18.780000686645508,91.51000213623048,31.850000381469727,43.43999862670898,9.161999702453612,42.90999984741211
2022-08-19 00:00:00,176.02000427246094,8.496000289916992,145.75999450683594,75.80999755859375,165.60000610351562,103.3499984741211,18.8439998626709,91.3000030517578,31.479999542236328,43.03499984741211,9.194000244140623,43.08000183105469
2022-08-22 00:00:00,173.5,8.38700008392334,139.39999389648438,73.0199966430664,156.97999572753906,103.1500015258789,18.90999984741211,89.18000030517578,29.32999992370605,41.18000030517578,8.920000076293945,42.70000076293945
2022-08-23 00:00:00,173.60000610351562,8.336999893188477,142.0,74.5199966430664,156.3000030517578,101.6500015258789,18.756000518798828,87.94999694824219,29.979999542236328,41.80500030517578,8.949999809265137,43.06999969482422
2022-08-24 00:00:00,172.72000122070312,8.359000205993652,141.3800048828125,74.13999938964844,158.83999633789062,104.1999969482422,18.756000518798828,88.23999786376953,29.850000381469727,41.60499954223633,8.710000038146973,43.58000183105469
2022-08-25 00:00:00,173.27999877929688,8.36400032043457,141.8800048828125,74.47000122070312,158.0,104.3000030517578,18.90399932861328,87.86000061035156,29.93000030517578,42.025001525878906,8.673999786376953,43.720001220703125
2022-08-26 00:00:00,170.5800018310547,8.170999526977539,140.94000244140625,73.12000274658203,151.5399932861328,103.5500030517578,18.621999740600582,85.29000091552734,29.3799991607666,40.93999862670898,8.51200008392334,40.9900016784668
2022-08-29 00:00:00,169.4199981689453,8.241999626159668,142.60000610351562,73.51000213623047,148.27999877929688,103.4000015258789,18.790000915527344,84.56999969482422,30.239999771118164,42.2400016784668,8.579999923706055,40.9900016784668
2022-08-30 00:00:00,170.13999938964844,8.392000198364258,145.89999389648438,73.80999755859375,151.5399932861328,101.25,18.780000686645508,84.5999984741211,30.21999931335449,42.185001373291016,8.61400032043457,38.959999084472656
2022-08-31 00:00:00,168.5800018310547,8.322999954223633,142.13999938964844,73.47000122070312,148.27999877929688,100.5999984741211,18.80599975585937,84.94000244140625,30.1200008392334,42.06999969482422,8.510000228881836,38.08000183105469
2022-09-01 00:00:00,166.22000122070312,8.130000114440918,139.6199951171875,72.80999755859375,145.16000366210938,99.5999984741211,18.694000244140625,83.1500015258789,29.57999992370605,41.30500030517578,8.515999794006348,38.380001068115234
2022-09-02 00:00:00,172.36000061035156,8.572999954223633,148.9600067138672,75.11000061035156,148.27999877929688,101.1999969482422,18.6879997253418,85.31999969482422,31.01000022888184,42.994998931884766,8.842000007629395,38.970001220703125
2022-09-05 00:00:00,168.74000549316406,8.180999755859375,143.5,72.44000244140625,145.1999969482422,100.3499984741211,18.90399932861328,84.51000213623047,29.81999969482422,41.27000045776367,8.930000305175781,39.0
2022-09-06 00:00:00,169.13999938964844,8.357999801635742,148.82000732421875,72.81999969482422,144.36000061035156,101.3499984741211,18.90399932861328,85.51000213623047,30.07999992370605,42.04999923706055,8.87399959564209,38.31999969482422
2022-09-07 00:00:00,166.36000061035156,8.194999694824219,148.72000122070312,74.06999969482422,141.97999572753906,101.75,18.88999938964844,85.30000305175781,30.780000686645508,42.93999862670898,8.968000411987305,41.06999969482422
2022-09-08 00:00:00,167.55999755859375,8.649999618530273,146.1199951171875,72.94999694824219,142.36000061035156,100.5,18.763999938964844,85.47000122070312,30.84000015258789,42.494998931884766,8.894000053405762,41.220001220703125
2022-09-09 00:00:00,168.6199951171875,8.932000160217285,146.97999572753906,73.51000213623047,145.36000061035156,102.3000030517578,19.538000106811523,86.58999633789062,31.729999542236328,43.48500061035156,9.088000297546388,41.5
2022-09-12 00:00:00,176.39999389648438,9.215999603271484,152.0,75.77999877929688,149.22000122070312,104.9499969482422,19.375999450683597,87.80000305175781,32.33000183105469,44.91999816894531,9.15999984741211,41.61000061035156
2022-09-13 00:00:00,174.47999572753906,9.02400016784668,148.72000122070312,74.86000061035156,142.89999389648438,104.1999969482422,19.20599937438965,86.68000030517578,31.479999542236328,44.209999084472656,9.128000259399414,42.810001373291016
2022-09-14 00:00:00,172.1199951171875,9.020000457763672,150.33999633789062,74.6500015258789,142.3000030517578,103.8000030517578,19.06800079345703,85.9800033569336,30.290000915527344,42.77000045776367,8.925999641418457,41.459999084472656
2022-09-15 00:00:00,173.52000427246094,9.232000350952148,149.3000030517578,74.68000030517578,136.60000610351562,103.8000030517578,19.107999801635746,84.98999786376953,29.71999931335449,42.255001068115234,8.708000183105469,40.77000045776367
2022-09-16 00:00:00,174.16000366210938,9.069000244140623,145.4600067138672,74.38999938964844,135.13999938964844,102.4000015258789,18.93000030517578,83.66999816894531,29.1299991607666,41.3849983215332,8.597999572753906,40.72999954223633
2022-09-19 00:00:00,174.10000610351562,9.095000267028809,147.0,75.69999694824219,136.6999969482422,101.8000030517578,19.01799964904785,83.37999725341797,30.1200008392334,42.39500045776367,8.539999961853027,40.93000030517578
2022-09-20 00:00:00,171.86000061035156,8.982000350952148,146.89999389648438,75.06999969482422,135.74000549316406,102.6500015258789,18.67200088500977,83.2699966430664,29.81999969482422,41.59999847412109,8.244000434875488,40.43000030517578
2022-09-21 00:00:00,171.83999633789062,8.819000244140625,147.94000244140625,75.25,136.47999572753906,103.1500015258789,18.54199981689453,84.47000122070312,30.01000022888184,41.70000076293945,8.395999908447266,41.0
2022-09-22 00:00:00,172.22000122070312,9.032999992370604,147.36000061035156,74.16999816894531,133.4600067138672,99.1999969482422,18.63800048828125,82.4800033569336,29.81999969482422,41.0,8.37600040435791,40.68999862670898
2022-09-23 00:00:00,168.74000549316406,8.631999969482422,140.16000366210938,71.37999725341797,130.9600067138672,99.31999969482422,18.326000213623047,81.05999755859375,29.0,39.790000915527344,8.199999809265137,40.150001525878906
2022-09-26 00:00:00,165.74000549316406,8.491000175476074,138.22000122070312,72.16000366210938,130.10000610351562,101.0,17.827999114990234,82.87000274658203,29.26000022888184,39.810001373291016,8.071999549865723,38.79999923706055
2022-09-27 00:00:00,163.74000549316406,8.128000259399414,136.74000549316406,71.76000213623047,127.3000030517578,101.4499969482422,17.733999252319336,82.4000015258789,29.170000076293945,39.494998931884766,7.823999881744385,38.25
2022-09-28 00:00:00,160.72000122070312,7.854000091552734,137.89999389648438,71.58000183105469,130.24000549316406,101.1999969482422,17.865999221801758,83.1500015258789,29.209999084472656,39.415000915527344,7.921999931335449,38.81999969482422
2022-09-29 00:00:00,159.6199951171875,7.593999862670898,128.4600067138672,69.12999725341797,124.0199966430664,100.1999969482422,17.607999801635742,81.87000274658203,28.850000381469727,38.84999847412109,7.921999931335449,38.09000015258789
2022-09-30 00:00:00,161.8000030517578,7.645999908447266,126.4000015258789,69.98999786376953,118.87999725341795,100.9499969482422,17.29599952697754,84.12000274658203,29.540000915527344,39.59999847412109,7.895999908447266,37.790000915527344
2022-10-03 00:00:00,161.5399932861328,7.630000114440918,126.44000244140624,70.7300033569336,119.0,98.41999816894533,17.841999053955078,84.80999755859375,30.51000022888184,40.93999862670898,8.116000175476074,38.5099983215332
2022-10-04 00:00:00,167.1999969482422,8.069999694824219,131.33999633789062,72.8499984741211,126.1999969482422,100.8499984741211,18.299999237060547,88.51000213623047,32.0,42.29999923706055,8.246000289916992,39.68000030517578
2022-10-05 00:00:00,166.1199951171875,7.934000015258789,129.6199951171875,71.47000122070312,122.8000030517578,101.0,18.0939998626709,87.23999786376953,31.530000686645508,41.915000915527344,8.062000274658203,40.11000061035156
2022-10-06 00:00:00,164.94000244140625,7.867000102996826,132.3800048828125,71.97000122070312,121.86000061035156,101.3499984741211,17.6560001373291,88.0999984741211,31.31999969482422,41.27000045776367,7.828000068664551,39.06999969482422
2022-10-07 00:00:00,164.3000030517578,7.822000026702881,130.27999877929688,71.69999694824219,115.55999755859376,101.0500030517578,17.576000213623047,86.7300033569336,30.739999771118164,40.69499969482422,7.75,39.09000015258789
2022-10-10 00:00:00,164.86000061035156,7.964000225067139,124.45999908447266,72.02999877929688,114.23999786376952,99.94000244140624,17.70800018310547,86.31999969482422,33.27000045776367,43.18999862670898,7.815999984741211,37.54999923706055
2022-10-11 00:00:00,164.6199951171875,7.777999877929687,123.3000030517578,72.37999725341797,115.08000183105467,100.6999969482422,17.607999801635742,86.04000091552734,32.099998474121094,41.46500015258789,7.605999946594238,36.84000015258789
2022-10-12 00:00:00,164.33999633789062,7.788000106811523,123.08000183105467,73.16999816894531,111.87999725341795,100.5999984741211,17.709999084472656,85.30000305175781,32.599998474121094,42.1349983215332,7.414000034332275,36.880001068115234
2022-10-13 00:00:00,166.4600067138672,8.359999656677246,124.16000366210938,74.23999786376953,113.12000274658205,99.41999816894533,17.63599967956543,86.05000305175781,33.630001068115234,42.96500015258789,7.622000217437744,38.20000076293945
2022-10-14 00:00:00,167.4199981689453,8.611000061035156,124.27999877929688,75.0199966430664,114.12000274658205,100.25,17.711999893188477,87.91000366210938,33.560001373291016,43.31999969482422,7.869999885559082,38.630001068115234
2022-10-17 00:00:00,170.25999450683594,8.630000114440918,127.77999877929688,76.52999877929688,118.18000030517578,100.0999984741211,18.10400009155273,88.75,33.88999938964844,44.08000183105469,8.026000022888184,38.84999847412109
2022-10-18 00:00:00,170.27999877929688,8.852999687194824,130.39999389648438,77.62000274658203,118.27999877929688,100.4499969482422,18.05599975585937,90.16000366210938,34.619998931884766,44.93000030517578,8.07800006866455,38.709999084472656
2022-10-19 00:00:00,172.3800048828125,8.88700008392334,129.86000061035156,77.66000366210938,115.68000030517578,99.6999969482422,18.142000198364254,89.16000366210938,35.25,45.04999923706055,8.052000045776367,37.959999084472656
2022-10-20 00:00:00,172.8800048828125,8.928999900817871,129.8800048828125,77.52999877929688,114.8000030517578,100.0999984741211,18.097999572753903,89.83000183105469,36.0099983215332,45.45000076293945,8.020000457763672,37.68000030517578
2022-10-21 00:00:00,173.4600067138672,8.895999908447266,129.63999938964844,77.43000030517578,103.86000061035156,99.68000030517578,18.118000030517575,91.4000015258789,35.939998626708984,46.08000183105469,7.9120001792907715,36.900001525878906
2022-10-24 00:00:00,176.67999267578125,9.116999626159668,130.22000122070312,77.91000366210938,103.81999969482422,100.4499969482422,18.275999069213867,91.33999633789062,35.70000076293945,46.595001220703125,8.170000076293945,38.380001068115234
2022-10-25 00:00:00,177.36000061035156,9.265999794006348,131.17999267578125,78.22000122070312,100.5,101.8499984741211,18.474000930786133,97.25,34.369998931884766,45.94499969482422,8.307999610900879,39.150001525878906
2022-10-26 00:00:00,177.89999389648438,9.376999855041504,131.0399932861328,79.06999969482422,102.0,100.3499984741211,18.600000381469727,98.18000030517578,35.09000015258789,45.5,8.279999732971191,38.77000045776367
2022-10-27 00:00:00,180.02000427246094,9.855999946594238,130.6999969482422,79.56999969482422,99.33999633789062,96.83999633789062,18.625999450683597,97.95999908447266,35.18000030517578,46.0099983215332,8.369999885559082,38.900001525878906
2022-10-28 00:00:00,181.3999938964844,9.826000213623049,128.24000549316406,79.55999755859375,99.3499984741211,96.5,19.28400039672852,97.73999786376952,34.58000183105469,45.29999923706055,8.270000457763672,38.77000045776367
2022-10-31 00:00:00,182.1999969482422,9.65999984741211,129.33999633789062,79.5199966430664,98.9800033569336,97.18000030517578,19.13599967956543,97.66999816894533,34.439998626708984,45.435001373291016,8.47599983215332,38.9900016784668
2022-11-01 00:00:00,184.32000732421875,9.727999687194824,132.1999969482422,80.27999877929688,98.97000122070312,95.4000015258789,19.350000381469727,96.91000366210938,33.93000030517578,45.494998931884766,8.541999816894531,39.290000915527344
2022-11-02 00:00:00,184.8600006103516,9.79300022125244,131.02000427246094,80.23999786376953,96.87999725341795,94.0,19.36199951171875,96.8499984741211,33.61000061035156,45.05500030517578,8.5,38.959999084472656
2022-11-03 00:00:00,185.3800048828125,9.668999671936035,127.91999816894533,76.5,93.9499969482422,94.0999984741211,19.43600082397461,95.51000213623048,32.849998474121094,44.53499984741211,8.52400016784668,39.11000061035156
2022-11-04 00:00:00,188.13999938964844,9.72599983215332,133.0800018310547,79.80000305175781,114.04000091552734,96.4800033569336,19.552000045776367,96.23999786376952,35.33000183105469,46.81499862670898,8.699999809265137,39.04999923706055
2022-11-07 00:00:00,187.33999633789065,9.765999794006348,136.36000061035156,81.02999877929688,114.95999908447266,96.08000183105467,19.61400032043457,96.87000274658205,36.459999084472656,47.60499954223633,8.59000015258789,38.58000183105469
2022-11-08 00:00:00,188.3600006103516,9.871000289916992,136.33999633789062,80.48999786376953,120.0,97.26000213623048,19.61199951171875,98.38999938964844,36.72999954223633,48.29999923706055,8.722000122070312,38.77999877929688
2022-11-09 00:00:00,188.9199981689453,9.692999839782717,135.25999450683594,80.25,124.44000244140624,98.23999786376952,19.607999801635746,98.16000366210938,35.36000061035156,47.54499816894531,8.692000389099121,39.43999862670898
2022-11-10 00:00:00,200.0500030517578,9.96399974822998,139.0,82.8499984741211,128.0,100.5500030517578,19.48200035095215,105.0199966430664,35.630001068115234,48.90499877929688,8.84000015258789,40.59999847412109
2022-11-11 00:00:00,200.6499938964844,10.218000411987305,142.67999267578125,84.23999786376953,135.63999938964844,97.76000213623048,18.8799991607666,105.9800033569336,37.400001525878906,50.68000030517578,8.73799991607666,39.77999877929688
2022-11-14 00:00:00,202.0,10.178000450134276,143.44000244140625,85.02999877929688,131.86000061035156,98.5999984741211,18.923999786376957,105.72000122070312,37.400001525878906,51.27999877929688,8.916000366210938,38.91999816894531
2022-11-15 00:00:00,200.1499938964844,10.315999984741213,143.39999389648438,85.18000030517578,132.1199951171875,98.68000030517578,18.899999618530277,106.9000015258789,36.720001220703125,50.29999923706055,8.96399974822998,39.52999877929688
2022-11-16 00:00:00,202.25,10.133999824523926,137.39999389648438,82.52999877929688,129.72000122070312,101.1500015258789,18.97599983215332,106.83999633789062,35.59000015258789,49.56999969482422,8.892000198364258,39.88999938964844
2022-11-17 00:00:00,201.6499938964844,10.100000381469728,138.60000610351562,82.2699966430664,129.0399932861328,102.0999984741211,18.93000030517578,107.68000030517578,35.43000030517578,48.95500183105469,8.881999969482422,40.619998931884766
2022-11-18 00:00:00,203.9499969482422,10.211999893188477,141.86000061035156,84.1500015258789,129.1999969482422,102.3499984741211,19.280000686645508,105.16000366210938,36.290000915527344,49.625,9.116000175476074,41.209999084472656
2022-11-21 00:00:00,203.5,10.218000411987305,139.63999938964844,83.5999984741211,124.3000030517578,103.4499969482422,19.54800033569336,106.23999786376952,35.02000045776367,48.66999816894531,9.079999923706056,40.9900016784668
2022-11-22 00:00:00,204.75,10.16800022125244,139.75999450683594,84.0999984741211,123.0,103.3499984741211,19.58799934387207,105.62000274658205,36.61000061035156,49.52000045776367,9.0,41.29999923706055
2022-11-23 00:00:00,204.3500061035156,10.22599983215332,137.13999938964844,83.7699966430664,124.3000030517578,103.9000015258789,19.552000045776367,105.5999984741211,36.81999969482422,49.27000045776367,8.95199966430664,41.04999923706055
2022-11-24 00:00:00,204.9499969482422,10.369999885559082,137.0,84.01000213623047,126.66000366210938,105.3000030517578,19.676000595092773,105.45999908447266,38.119998931884766,49.8849983215332,9.083999633789062,41.61000061035156
2022-11-25 00:00:00,205.3500061035156,10.390000343322754,136.55999755859375,83.95999908447266,123.9800033569336,104.8000030517578,19.733999252319336,106.0199966430664,37.41999816894531,49.60499954223633,9.12600040435791,42.40999984741211
2022-11-28 00:00:00,203.8000030517578,10.206000328063965,135.24000549316406,83.44000244140625,121.26000213623048,104.5999984741211,19.554000854492188,104.9000015258789,37.02999877929688,48.90999984741211,9.086000442504885,42.36000061035156
2022-11-29 00:00:00,205.6000061035156,10.210000038146973,137.83999633789062,84.75,120.94000244140624,102.9499969482422,19.506000518798828,103.08000183105467,38.22999954223633,49.060001373291016,9.086000442504885,41.7400016784668
2022-11-30 00:00:00,204.3500061035156,10.121999740600586,139.89999389648438,86.30999755859375,122.26000213623048,103.9499969482422,19.479999542236328,104.45999908447266,38.16999816894531,48.51499938964844,9.12399959564209,42.0
2022-12-01 00:00:00,203.75,9.904999732971191,139.3800048828125,85.13999938964844,124.91999816894533,105.6500015258789,19.63599967956543,106.31999969482422,37.16999816894531,47.86000061035156,9.09000015258789,42.650001525878906
2022-12-02 00:00:00,202.6499938964844,10.02400016784668,139.02000427246094,85.26000213623047,124.26000213623048,105.75,19.66399955749512,106.45999908447266,37.720001220703125,48.72999954223633,9.194000244140623,42.060001373291016
2022-12-05 00:00:00,203.0,10.149999618530272,140.83999633789062,85.86000061035156,122.05999755859376,104.8499984741211,19.489999771118164,105.23999786376952,36.970001220703125,47.970001220703125,9.255999565124512,41.63999938964844
2022-12-06 00:00:00,203.3999938964844,10.071999549865724,139.8000030517578,85.19000244140625,119.05999755859376,105.4499969482422,19.326000213623047,103.23999786376952,36.93000030517578,47.92499923706055,9.187999725341797,42.27999877929688
2022-12-07 00:00:00,203.6499938964844,9.965999603271484,137.60000610351562,84.55999755859375,117.55999755859376,105.4000015258789,19.417999267578125,102.44000244140624,36.31999969482422,47.42499923706055,9.187999725341797,42.22999954223633
2022-12-08 00:00:00,203.6499938964844,10.022000312805176,136.60000610351562,82.95999908447266,117.54000091552734,106.8000030517578,19.256000518798828,102.37999725341795,36.040000915527344,47.09999847412109,9.13599967956543,41.86000061035156
2022-12-09 00:00:00,204.6999969482422,10.140000343322754,137.24000549316406,84.54000091552734,118.9000015258789,105.9499969482422,19.25200080871582,102.33999633789062,36.66999816894531,47.720001220703125,9.182000160217283,42.31999969482422
2022-12-12 00:00:00,202.8999938964844,10.010000228881836,136.1199951171875,84.43000030517578,117.5,107.4499969482422,19.15999984741211,102.45999908447266,36.5099983215332,46.70000076293945,9.140000343322754,42.130001068115234
2022-12-13 00:00:00,205.4499969482422,10.248000144958496,137.77999877929688,84.01000213623047,124.0,106.5999984741211,19.16399955749512,104.0199966430664,37.470001220703125,47.53499984741211,9.15999984741211,42.290000915527344
2022-12-14 00:00:00,204.0,10.086000442504885,137.75999450683594,83.8499984741211,123.9800033569336,108.5,19.10400009155273,103.77999877929688,37.0,47.22999954223633,9.29599952697754,42.72999954223633
2022-12-15 00:00:00,198.8600006103516,9.713000297546388,133.55999755859375,82.80000305175781,118.55999755859376,106.1500015258789,18.97800064086914,99.33999633789062,35.79999923706055,45.81499862670898,9.065999984741213,42.09999847412109
2022-12-16 00:00:00,197.8600006103516,9.904999732971191,136.5399932861328,82.62000274658203,121.0999984741211,106.6500015258789,18.90999984741211,99.4499969482422,35.65999984741211,45.790000915527344,8.928000450134277,41.4900016784668
2022-12-19 00:00:00,199.32000732421875,9.937999725341797,121.9800033569336,83.62000274658203,121.18000030517578,106.4499969482422,18.826000213623047,98.88999938964844,36.11000061035156,45.52000045776367,9.086000442504885,41.56999969482422
2022-12-20 00:00:00,200.0,10.508000373840332,119.22000122070312,83.3499984741211,118.3000030517578,105.6500015258789,18.899999618530277,97.79000091552734,36.040000915527344,45.79999923706055,9.06999969482422,41.5
2022-12-21 00:00:00,203.6999969482422,10.644000053405762,119.77999877929688,84.1500015258789,126.3000030517578,107.6500015258789,19.09600067138672,99.3000030517578,36.52000045776367,46.5,9.199999809265137,41.84999847412109
2022-12-22 00:00:00,202.5500030517578,10.63599967956543,114.87999725341795,83.30000305175781,125.16000366210938,106.4499969482422,18.964000701904297,97.5999984741211,36.52999877929688,45.685001373291016,9.130000114440918,41.90999984741211
2022-12-23 00:00:00,202.1999969482422,10.706000328063965,115.66000366210938,83.5,125.86000061035156,106.4000015258789,18.86599922180176,97.37999725341795,36.33000183105469,46.23500061035156,9.116000175476074,41.5099983215332
2022-12-27 00:00:00,203.0500030517578,10.710000038146973,115.86000061035156,83.6500015258789,126.33999633789062,107.3000030517578,18.892000198364254,97.23999786376952,36.77999877929688,46.67499923706055,9.16800022125244,41.38999938964844
2022-12-28 00:00:00,202.1499938964844,10.630000114440918,114.95999908447266,83.26000213623047,125.77999877929688,106.5500030517578,18.857999801635746,96.66999816894533,36.93999862670898,46.54499816894531,9.178000450134276,41.290000915527344
2022-12-29 00:00:00,203.6999969482422,10.70400047302246,116.13999938964844,83.83000183105469,128.3800048828125,107.4499969482422,18.98600006103516,97.58999633789062,36.880001068115234,46.7599983215332,9.392000198364258,41.72999954223633
2022-12-30 00:00:00,200.8999938964844,10.588000297546388,116.41999816894533,83.37999725341797,127.45999908447266,107.1999969482422,18.700000762939453,96.38999938964844,36.54999923706055,46.38999938964844,9.333999633789062,41.59000015258789
